[
{
  "model": "auth.group",
  "pk": 1,
  "fields": {
    "name": "Library Members",
    "permissions": []
  }
},
{
  "model": "auth.group",
  "pk": 2,
  "fields": {
    "name": "Librarian",
    "permissions": [
      29,
      30,
      31,
      25,
      26,
      27,
      41
    ]
  }
},
{
  "model": "auth.user",
  "pk": 1,
  "fields": {
    "password": "pbkdf2_sha256$216000$lIzb286lF63X$QxKZgFpW05pKRC2Ytat1/2OBjnFxZ+UZtH/xZBznaFw=",
    "last_login": "2020-09-06T16:46:19.487Z",
    "is_superuser": true,
    "username": "Jonas",
    "first_name": "",
    "last_name": "",
    "email": "j.g.f.pettersson@gmail.com",
    "is_staff": true,
    "is_active": true,
    "date_joined": "2020-08-10T16:01:00.903Z",
    "groups": [],
    "user_permissions": []
  }
},
{
  "model": "auth.user",
  "pk": 2,
  "fields": {
    "password": "pbkdf2_sha256$216000$ppgmmhd24OaM$WK9D6UOuo6lQTDMAheNt/baM78fHma+leWDAG/zH44k=",
    "last_login": "2020-08-25T19:20:56.092Z",
    "is_superuser": false,
    "username": "Test",
    "first_name": "",
    "last_name": "",
    "email": "",
    "is_staff": false,
    "is_active": true,
    "date_joined": "2020-08-13T19:16:20Z",
    "groups": [
      1
    ],
    "user_permissions": []
  }
},
{
  "model": "auth.user",
  "pk": 3,
  "fields": {
    "password": "pbkdf2_sha256$216000$1avw0tfisgQi$EVS942JqTdD+9txayOmV8grKs6Q9bc3SKt64L3r4JMk=",
    "last_login": "2020-09-03T18:36:27.533Z",
    "is_superuser": false,
    "username": "Librarian",
    "first_name": "",
    "last_name": "",
    "email": "",
    "is_staff": false,
    "is_active": true,
    "date_joined": "2020-08-20T10:59:21Z",
    "groups": [
      2
    ],
    "user_permissions": []
  }
},
{
  "model": "catalog.author",
  "pk": 1,
  "fields": {
    "first_name": "Homer",
    "last_name": "Homer",
    "date_of_birth": null,
    "date_of_death": null
  }
},
{
  "model": "catalog.author",
  "pk": 2,
  "fields": {
    "first_name": "Wolfram",
    "last_name": "von Eschenbach",
    "date_of_birth": "1160-01-01",
    "date_of_death": "1220-01-01"
  }
},
{
  "model": "catalog.author",
  "pk": 3,
  "fields": {
    "first_name": "Gottfried",
    "last_name": "von Strassburg",
    "date_of_birth": "1215-01-01",
    "date_of_death": "1300-01-01"
  }
},
{
  "model": "catalog.author",
  "pk": 4,
  "fields": {
    "first_name": "Dante",
    "last_name": "Alighieri",
    "date_of_birth": "1265-01-06",
    "date_of_death": "1321-09-14"
  }
},
{
  "model": "catalog.author",
  "pk": 5,
  "fields": {
    "first_name": "Johann Wolfgang",
    "last_name": "Goethe",
    "date_of_birth": "1749-08-28",
    "date_of_death": "1832-03-22"
  }
},
{
  "model": "catalog.author",
  "pk": 6,
  "fields": {
    "first_name": "Giovanni",
    "last_name": "Boccaccio",
    "date_of_birth": "1313-06-16",
    "date_of_death": "1375-12-21"
  }
},
{
  "model": "catalog.author",
  "pk": 7,
  "fields": {
    "first_name": "Francois-Marie",
    "last_name": "Voltaire",
    "date_of_birth": "1694-11-21",
    "date_of_death": "1778-05-30"
  }
},
{
  "model": "catalog.author",
  "pk": 8,
  "fields": {
    "first_name": "Jean-Jacques",
    "last_name": "Rousseau",
    "date_of_birth": "1712-06-28",
    "date_of_death": "1778-07-02"
  }
},
{
  "model": "catalog.author",
  "pk": 9,
  "fields": {
    "first_name": "Immanuel",
    "last_name": "Kant",
    "date_of_birth": "1724-04-22",
    "date_of_death": "1804-02-12"
  }
},
{
  "model": "catalog.author",
  "pk": 10,
  "fields": {
    "first_name": "Arto",
    "last_name": "Paasilinna",
    "date_of_birth": "1942-04-20",
    "date_of_death": null
  }
},
{
  "model": "catalog.author",
  "pk": 11,
  "fields": {
    "first_name": "Astrid",
    "last_name": "Lindgren",
    "date_of_birth": "1907-11-14",
    "date_of_death": "2002-01-28"
  }
},
{
  "model": "catalog.genre",
  "pk": 1,
  "fields": {
    "name": "Abenteuer"
  }
},
{
  "model": "catalog.genre",
  "pk": 2,
  "fields": {
    "name": "Sage"
  }
},
{
  "model": "catalog.genre",
  "pk": 3,
  "fields": {
    "name": "Komoedie"
  }
},
{
  "model": "catalog.genre",
  "pk": 4,
  "fields": {
    "name": "Roman"
  }
},
{
  "model": "catalog.genre",
  "pk": 5,
  "fields": {
    "name": "Tragoedie"
  }
},
{
  "model": "catalog.genre",
  "pk": 6,
  "fields": {
    "name": "Novellensammlung"
  }
},
{
  "model": "catalog.genre",
  "pk": 7,
  "fields": {
    "name": "Novelle"
  }
},
{
  "model": "catalog.genre",
  "pk": 8,
  "fields": {
    "name": "Biographie"
  }
},
{
  "model": "catalog.genre",
  "pk": 9,
  "fields": {
    "name": "Philosophie"
  }
},
{
  "model": "catalog.book",
  "pk": 1,
  "fields": {
    "title": "Odyssee",
    "author": 1,
    "summary": "Die Odyssee, neben der Ilias das zweite dem griechischen Dichter Homer zugeschriebene Epos, gehoert zu den ältesten und einflussreichsten Dichtungen der abendländischen Literatur. In Schriftform wurde das Werk erstmals wahrscheinlich um die Wende vom 8. zum 7. Jahrhundert v. Chr. festgehalten. Es schildert die Abenteuer des Koenigs Odysseus von Ithaka und seiner Gefährten auf der Heimkehr aus dem Trojanischen Krieg. In vielen Sprachen ist der Begriff „Odyssee“ zum Synonym für eine lange Irrfahrt geworden.",
    "isbn": "3-7608-1542-1",
    "genre": [
      1
    ]
  }
},
{
  "model": "catalog.book",
  "pk": 2,
  "fields": {
    "title": "Parzival",
    "author": 2,
    "summary": "Parzival von Wolfram von Eschenbach ist ein Versroman der mittelhochdeutschen hoefischen Literatur, der zwischen 1200 und 1210 entstand[1]. Das Werk umfasst etwa 25.000 paarweise gereimte Verse und wird in den modernen Ausgaben in 16 Bücher gegliedert.\r\n\r\nIn kunstvoll verzahnten Handlungssträngen einer Doppelromanstruktur werden die Aventiuren erzählt, die abenteuerlichen Geschicke zweier ritterlicher Hauptfiguren – einerseits die Entwicklung des Titelhelden Parzival (von altfranzoesisch Perceval) vom Unwissenden im Narrenkleid zum Gralskoenig, andererseits die gefahrvollen Bewährungsproben für den Artusritter Gawain.\r\n\r\nThematisch gehoert der Roman zur sogenannten Artusepik, wobei die Aufnahme Parzivals in die Tafelrunde des mythischen britannischen Koenigs nur als Durchgangsstation der Gralssuche erscheint, doch dann zur Voraussetzung seiner Bestimmung als Gralskoenig wird.",
    "isbn": "ISBN 3-596-13",
    "genre": [
      1
    ]
  }
},
{
  "model": "catalog.book",
  "pk": 3,
  "fields": {
    "title": "Tristan",
    "author": 3,
    "summary": "Tristan ist das wichtigste Werk des mittelalterlichen Dichters Gottfried von Straßburg.\r\n\r\nDer um 1210 entstandene und Fragment gebliebene mittelhochdeutsche Versroman ist eine Bearbeitung des „Tristan und Isolde“-Stoffes; die Bearbeitung durch Gottfried gilt als klassische Form dieses Stoffes.\r\n\r\nDas Fragment umfasst fast 20.000 Verse; das Gesamtwerk war vermutlich auf ca. 30.000 Verse geplant (zum Vergleich: Wolframs Parzival ist ca. 25.000 Verse lang).",
    "isbn": "3-11-017696-3",
    "genre": [
      2
    ]
  }
},
{
  "model": "catalog.book",
  "pk": 4,
  "fields": {
    "title": "Die Goettliche Komoedie",
    "author": 4,
    "summary": "Die Goettliche Komoedie, italienisch ursprünglich Comedia oder Commedia (‚Komoedie‘), in späterer Zeit auch Divina Commedia genannt, ist das Hauptwerk des italienischen Dichters Dante Alighieri (1265–1321). Sie entstand während der Jahre seines Exils und wurde wahrscheinlich um 1307 begonnen und erst kurze Zeit vor seinem Tod vollendet (1321). Die in Hoelle, Fegefeuer und Paradies aufgeteilte Divina Commedia gilt als bedeutendste Dichtung der italienischen Literatur und hat gleichzeitig die italienische Sprache als Schriftsprache erst begründet. Zudem wird sie als eines der groeßten Werke der Weltliteratur angesehen.",
    "isbn": "978-3-465-025",
    "genre": [
      3
    ]
  }
},
{
  "model": "catalog.book",
  "pk": 5,
  "fields": {
    "title": "Die Leiden des jungen Werthers",
    "author": 5,
    "summary": "Die Leiden des jungen Werthers lautet der ursprüngliche Titel des von Johann Wolfgang Goethe verfassten Briefromans, in dem der junge Rechtspraktikant Werther bis zu seinem Suizid über seine unglückliche Liebesbeziehung zu der mit einem anderen Mann verlobten Lotte berichtet. Er wurde 1774 veroeffentlicht und war nach dem nationalen Erfolg des Dramas Goetz von Berlichingen (1773) Goethes zweiter großer, jetzt sogar europäischer Erfolg. Beide Werke sind der literarischen Stroemung des Sturm und Drang zuzuordnen.",
    "isbn": "978-3-88377-9",
    "genre": [
      4
    ]
  }
},
{
  "model": "catalog.book",
  "pk": 6,
  "fields": {
    "title": "Faust",
    "author": 5,
    "summary": "aust. Eine Tragoedie. (auch Faust. Der Tragoedie erster Teil oder kurz Faust I) von Johann Wolfgang von Goethe gilt als das bedeutendste und meistzitierte Werk der deutschen Literatur. Die 1808 veroeffentlichte Tragoedie greift die Geschichte des historischen Doktor Faustus auf und wird in Faust II zu einer Menschheitsparabel ausgeweitet.",
    "isbn": "3-7608-1542-1",
    "genre": [
      5
    ]
  }
},
{
  "model": "catalog.book",
  "pk": 7,
  "fields": {
    "title": "Die Wahlverwandtschaften",
    "author": 5,
    "summary": "Die Wahlverwandtschaften ist ein Roman von Johann Wolfgang von Goethe aus dem Jahr 1809. Er beschreibt die Geschichte des in abgeschiedener Zweisamkeit lebenden Paares Charlotte und Eduard, deren Ehe durch das Hinzukommen zweier weiterer Figuren auseinanderbricht. Wie gleichsam in einer chemischen Reaktion erfahren beide Eheleute eine starke, jeweils auch erwiderte, neue Anziehung: die vernunftbetonte Charlotte zu dem verständig-tatkräftigen Hauptmann Otto; der impulsiv-leidenschaftliche Eduard zu der heranwachsenden, auf stille Weise reizvollen Ottilie. Der Konflikt zwischen Leidenschaft und Vernunft führt ins Chaos und schließlich zu einem tragischen Ende.",
    "isbn": "3-11-017696-3",
    "genre": [
      4
    ]
  }
},
{
  "model": "catalog.book",
  "pk": 8,
  "fields": {
    "title": "Das Decamerone",
    "author": 6,
    "summary": "Sammlung von 100 Novellen von Giovanni Boccaccio. Die Rahmenhandlung verlegt Boccaccio in ein Landhaus in den Hügeln von Florenz (im Vorort Fiesole), drei Kilometer vom damaligen Stadtkern von Florenz entfernt. In dieses Landhaus sind sieben Frauen und drei junge Männer vor der Pest (Schwarzer Tod) geflüchtet, die im Frühjahr und Sommer des Jahres 1348 Florenz heimsuchte. Im Landhaus versuchen sich die Flüchtlinge gegenseitig zu unterhalten. Daher wird jeden Tag eine Koenigin oder ein Koenig bestimmt, welcher einen Themenkreis vorgibt. Zu diesem Themenkreis hat sich nun jeder der Anwesenden eine Geschichte auszudenken und zum Besten zu geben. Nach zehn Tagen und zehn mal zehn Novellen kehrt die Gruppe",
    "isbn": "978-3-596-900",
    "genre": [
      6
    ]
  }
},
{
  "model": "catalog.book",
  "pk": 9,
  "fields": {
    "title": "Candide",
    "author": 7,
    "summary": "Satirische Novelle des franzoesischen Philosophen Voltaire. Im Jahr 1776 erschien eine deutsche Übersetzung unter dem Titel Candide oder die beste aller Welten. Diese Satire wendet sich unter anderem gegen die optimistische Weltanschauung Gottfried Wilhelm Leibniz’, der die beste aller moeglichen Welten postulierte. Voltaire propagiert Skeptizismus und Pessimismus, die Leibniz’ Postulat in den Kontext der Zeit rücken (Eindruck des Erdbebens von Lissabon 1755, Siebenjähriger Krieg) und in Frage stellen. Mit Witz und Ironie prangert Voltaire in seinem „conte philosophique“ den überheblichen Adel, die kirchliche Inquisition, Krieg und Sklaverei an und verspottet die naive Utopie des einfachen Mannes von einem sorglosen Leben.",
    "isbn": "3-15-006549-6",
    "genre": [
      7
    ]
  }
},
{
  "model": "catalog.book",
  "pk": 10,
  "fields": {
    "title": "Die Bekenntnisse",
    "author": 8,
    "summary": "Ab 1763 verfasste Rousseau eine ganze Reihe kürzerer und längerer autobiografischer Texte, darunter seine 1765–1770 geschriebenen, später berühmt gewordenen Confessions (Die Bekenntnisse), die erst posthum publiziert wurden. Darin schildert er auch intime Details aus seinem Leben sowie eigene Verfehlungen. Vor allem diese Schrift begründete die Untergattung der „selbstentbloessenden“ Autobiografie. Den Titel wählte er in Anlehnung an den der Confessiones des Augustinus von Hippo.",
    "isbn": "3-7608-1542-1",
    "genre": [
      8
    ]
  }
},
{
  "model": "catalog.book",
  "pk": 11,
  "fields": {
    "title": "Zum ewigen Frieden",
    "author": 9,
    "summary": "Ein philosophischer Entwurf (erste Auflage 1795 (zit. als A) 104 S., zweite, erweiterte Auflage 1796 (zit. als B), 112 S.) gehoert zu den bekanntesten Werken des deutschen Philosophen Immanuel Kant. Moderne Bedeutungen des Begriffs Frieden gehen entscheidend auf die hier vorgestellte Theorie zurück.\r\n\r\nIn Form eines Friedensvertrages wendet Kant seine Moralphilosophie (vgl. Grundlegung zur Metaphysik der Sitten, Kategorischer Imperativ) auf die Politik an, um die Frage zu beantworten, ob und wie dauerhafter Frieden zwischen den Staaten moeglich wäre. \r\n\r\nBekannt geworden sind die Ideen des Voelkerrechts, das die Verbindlichkeit der zwischenstaatlichen Abkommen fordert, und die Ausrichtung des Friedens als voelkerrechtlichen Vertrag. In den Internationalen Beziehungen wird „Zum ewigen Frieden“ den liberalen Theorien zugeordnet. Die Charta der Vereinten Nationen wurde wesentlich von dieser Schrift beeinflusst.",
    "isbn": "978-3-596-900",
    "genre": [
      9
    ]
  }
},
{
  "model": "catalog.book",
  "pk": 12,
  "fields": {
    "title": "Kritik der praktischen Vernunft",
    "author": 9,
    "summary": "Die KpV enthält Kants Theorie der Moralbegründung und gilt bis heute als eines der wichtigsten Werke der Praktischen Philosophie überhaupt. Wie die drei Jahre früher erschienene Grundlegung zur Metaphysik der Sitten ist die KpV eine Grundlegungsschrift, die keine Auseinandersetzung mit der praktischen Anwendung der Grundsätze der Moral zum Gegenstand hat, sondern auf die Frage antwortet, wie das menschliche Handeln durch die praktische Vernunft bestimmt werden kann. In der KpV geht es vor allem darum, das grundlegende Prinzip der Moral, ihre Aufgaben und Grenzen festzusetzen. Kants Auffassungen zur praktischen Moralphilosophie finden sich in der Metaphysik der Sitten sowie in seinen Vorlesungen zur Moralphilosophie",
    "isbn": "3-7873-1650-7",
    "genre": [
      9
    ]
  }
},
{
  "model": "catalog.book",
  "pk": 13,
  "fields": {
    "title": "Kritik der reinen Vernunft",
    "author": 9,
    "summary": "Die Kritik der reinen Vernunft (KrV; im Original Critik der reinen Vernunft) ist das erkenntnistheoretische Hauptwerk des Philosophen Immanuel Kant, in dem er den Grundriss für seine Transzendentalphilosophie liefert. Die KrV wird als eines der einflussreichsten Werke in der Philosophiegeschichte betrachtet und kennzeichnet einen Wendepunkt und den Beginn der modernen Philosophie. Kant schrieb die KrV als erste seiner drei „Kritiken“, es folgten die Kritik der praktischen Vernunft und die Kritik der Urteilskraft. An die KrV schließen zudem die Prolegomena von 1783 an.\r\n\r\nDie Kritik der reinen Vernunft erschien in deutscher Sprache in erster Auflage (A) im Jahr 1781 bei Johann Friedrich Hartknoch. Eine zweite Auflage (B), in Abschnitten wesentlich verändert und erweitert, kam 1787 heraus. In den 1790er Jahren erschienen weitere Fassungen, die sich aber nur unwesentlich von der zweiten Auflage unterschieden.",
    "isbn": "3-7873-1650-7",
    "genre": [
      9
    ]
  }
},
{
  "model": "catalog.book",
  "pk": 14,
  "fields": {
    "title": "Das Jahr des Hasen",
    "author": 10,
    "summary": "Liebevoll-skurriler Roadtrip durch die finnische Wildnis Seine Arbeit oedet ihn an, seine Ehe ist schon seit Jahren eine Qual - der Journalist Vatanen schleppt sich von einem Tag zum nächsten. Bis ihm auf der Heimfahrt von einem seiner üblichen langweiligen Pressetermine ein junger Hase vors Auto hoppelt ... und Vatanens ehemals so hübsch geordnetes Leben zum Abenteuer wird, das ihn quer durch Finnland führt. Ein wunderbar erzählter Roman, todernst und urkomisch zugleich - von Arto Paasilinna, dem vielfach ausgezeichneten Meister des skurrilen Humors",
    "isbn": "3-929029-13-8",
    "genre": [
      3,
      4
    ]
  }
},
{
  "model": "catalog.bookinstance",
  "pk": "00138e8e-9318-496b-bbe3-204cdbf57cf6",
  "fields": {
    "book": 12,
    "imprint": "Fischer",
    "due_back": null,
    "status": "a",
    "borrower": null
  }
},
{
  "model": "catalog.bookinstance",
  "pk": "0d54b160-4113-430d-8cea-8b9236932838",
  "fields": {
    "book": 8,
    "imprint": "Fischer",
    "due_back": null,
    "status": "a",
    "borrower": null
  }
},
{
  "model": "catalog.bookinstance",
  "pk": "103eb4a3-83f5-40ff-a184-2e7a93413383",
  "fields": {
    "book": 5,
    "imprint": "test",
    "due_back": null,
    "status": "a",
    "borrower": null
  }
},
{
  "model": "catalog.bookinstance",
  "pk": "10824b7d-1adf-4eb1-952a-a97aec43d113",
  "fields": {
    "book": 5,
    "imprint": "test",
    "due_back": "2020-09-15",
    "status": "o",
    "borrower": 2
  }
},
{
  "model": "catalog.bookinstance",
  "pk": "156b05ef-77b6-4c18-809e-17350a1df551",
  "fields": {
    "book": 4,
    "imprint": "test",
    "due_back": null,
    "status": "m",
    "borrower": null
  }
},
{
  "model": "catalog.bookinstance",
  "pk": "232dedb9-ea19-408b-b417-a87c82442fc6",
  "fields": {
    "book": 7,
    "imprint": "test",
    "due_back": null,
    "status": "a",
    "borrower": null
  }
},
{
  "model": "catalog.bookinstance",
  "pk": "2935ac19-7925-4dc8-b4f7-3615e4295c83",
  "fields": {
    "book": 4,
    "imprint": "test",
    "due_back": null,
    "status": "r",
    "borrower": null
  }
},
{
  "model": "catalog.bookinstance",
  "pk": "3516aa09-d67e-4cac-9606-750e6d48a068",
  "fields": {
    "book": 12,
    "imprint": "Fischer",
    "due_back": null,
    "status": "a",
    "borrower": null
  }
},
{
  "model": "catalog.bookinstance",
  "pk": "431c95f5-607f-4c7e-bae8-b0355995172a",
  "fields": {
    "book": 2,
    "imprint": "test",
    "due_back": "2020-09-09",
    "status": "o",
    "borrower": 2
  }
},
{
  "model": "catalog.bookinstance",
  "pk": "49a6b966-a3da-4089-9e4f-81724ed60625",
  "fields": {
    "book": 3,
    "imprint": "test",
    "due_back": null,
    "status": "a",
    "borrower": null
  }
},
{
  "model": "catalog.bookinstance",
  "pk": "5e354bad-a913-4f2b-b535-66aff559f26b",
  "fields": {
    "book": 10,
    "imprint": "Test",
    "due_back": "2020-09-10",
    "status": "o",
    "borrower": 2
  }
},
{
  "model": "catalog.bookinstance",
  "pk": "60182ee6-48a0-4f68-8fd9-c41888ef1233",
  "fields": {
    "book": 9,
    "imprint": "Universal-Bibliothek",
    "due_back": null,
    "status": "m",
    "borrower": null
  }
},
{
  "model": "catalog.bookinstance",
  "pk": "6ca915ca-05e4-49d5-bf53-74af488ec6fe",
  "fields": {
    "book": 2,
    "imprint": "test",
    "due_back": null,
    "status": "a",
    "borrower": null
  }
},
{
  "model": "catalog.bookinstance",
  "pk": "76400844-b092-4a3e-941f-c1d6fc37d887",
  "fields": {
    "book": 1,
    "imprint": "test",
    "due_back": null,
    "status": "m",
    "borrower": null
  }
},
{
  "model": "catalog.bookinstance",
  "pk": "7f598ece-c8e2-4d51-aaa5-b9b9c07a3120",
  "fields": {
    "book": 6,
    "imprint": "test",
    "due_back": "2020-08-29",
    "status": "o",
    "borrower": 3
  }
},
{
  "model": "catalog.bookinstance",
  "pk": "803d7f49-e6eb-422e-b079-40946da3da3d",
  "fields": {
    "book": 9,
    "imprint": "Universal-Bibliothek",
    "due_back": null,
    "status": "a",
    "borrower": null
  }
},
{
  "model": "catalog.bookinstance",
  "pk": "8417c711-bbae-4474-b3ec-95c5c70d16d3",
  "fields": {
    "book": 8,
    "imprint": "Fischer",
    "due_back": null,
    "status": "m",
    "borrower": null
  }
},
{
  "model": "catalog.bookinstance",
  "pk": "8722f801-b03a-4331-b10b-a425d63a5bfe",
  "fields": {
    "book": 11,
    "imprint": "Fischer",
    "due_back": "2020-08-06",
    "status": "o",
    "borrower": 2
  }
},
{
  "model": "catalog.bookinstance",
  "pk": "910bbf70-ac22-4c76-927c-0c1efe9f1e11",
  "fields": {
    "book": 11,
    "imprint": "Fischer",
    "due_back": null,
    "status": "a",
    "borrower": null
  }
},
{
  "model": "catalog.bookinstance",
  "pk": "9eba8b80-9d66-4927-9ff6-793dd1a56665",
  "fields": {
    "book": 13,
    "imprint": "Fischer",
    "due_back": null,
    "status": "m",
    "borrower": null
  }
},
{
  "model": "catalog.bookinstance",
  "pk": "a6a8d415-c1f6-47d6-a9a5-e32bf4cfc559",
  "fields": {
    "book": 13,
    "imprint": "Fischer",
    "due_back": null,
    "status": "a",
    "borrower": null
  }
},
{
  "model": "catalog.bookinstance",
  "pk": "af8b9ed9-1dd4-4b90-8169-6bd2d0a2ce5e",
  "fields": {
    "book": 13,
    "imprint": "Fischer",
    "due_back": "2020-08-03",
    "status": "o",
    "borrower": 2
  }
},
{
  "model": "catalog.bookinstance",
  "pk": "b7235f7e-5398-456f-80a2-617e4b2f10ec",
  "fields": {
    "book": 1,
    "imprint": "test",
    "due_back": "2020-09-10",
    "status": "o",
    "borrower": 2
  }
},
{
  "model": "catalog.bookinstance",
  "pk": "c763da97-89af-4d29-b8e5-e745bd589bd8",
  "fields": {
    "book": 6,
    "imprint": "test",
    "due_back": null,
    "status": "a",
    "borrower": null
  }
},
{
  "model": "catalog.bookinstance",
  "pk": "df094091-e0eb-47e4-8027-c6d03a70a856",
  "fields": {
    "book": 5,
    "imprint": "test",
    "due_back": null,
    "status": "a",
    "borrower": null
  }
}
]
